Julian,Julian_new,Year,Month,Day,Species,Latitude,Longitude,Group.Size,Whales_per_day,Whales_per_day_effort_correct,Whales_per_month,Whales_per_year,Trip_Duration_min,Day_Duration_min,Day_Duration_hour,Time,Year_char,MAG_Comments
1/4/2015,4,2015,1,4,Mn,-64.802965,-63.953622,2,2,0.6185567010309279,127,135,93,194,3.2333333333333334,15:05,2015,
1/6/2015,6,2015,1,6,Mn,-64.754428,-64.124528,2,2,0.2631578947368421,127,135,318,456,7.6,12:40,2015,
1/7/2015,7,2015,1,7,Mn,-64.772608,-64.062257,3,3,5,127,135,36,36,0.6,15:04,2015,
1/8/2015,8,2015,1,8,Mn,-64.81106,-64.04887,4,7,0.8695652173913043,127,135,188,483,8.05,9:46,2015,
1/8/2015,8,2015,1,8,Mn,-64.77209,-64.11517,1,7,0.8695652173913043,127,135,188,483,8.05,10:54,2015,
1/8/2015,8,2015,1,8,Mn,-64.78343,-64.13689,1,7,0.8695652173913043,127,135,188,483,8.05,10:54,2015,
1/8/2015,8,2015,1,8,Mn,-64.79211,-63.98307,1,7,0.8695652173913043,127,135,235,483,8.05,15:51,2015,
1/9/2015,9,2015,1,9,Mn,-64.81699,-64.03462,1,7,0.9292035398230089,127,135,300,452,7.533333333333333,9:30,2015,
1/9/2015,9,2015,1,9,Mn,-64.76994,-64.06525,1,7,0.9292035398230089,127,135,300,452,7.533333333333333,13:18,2015,
1/9/2015,9,2015,1,9,Mn,-64.80913,-63.98382,3,7,0.9292035398230089,127,135,152,452,7.533333333333333,17:32,2015,
1/9/2015,9,2015,1,9,Mn,-64.80544,-64.04114,2,7,0.9292035398230089,127,135,152,452,7.533333333333333,19:09,2015,
1/10/2015,10,2015,1,10,Mn,-64.79413,-64.09897,6,11,2.0689655172413794,127,135,218,319,5.316666666666666,9:30,2015,
1/10/2015,10,2015,1,10,Mn,-64.79978,-64.12309,2,11,2.0689655172413794,127,135,218,319,5.316666666666666,10:56,2015,
1/10/2015,10,2015,1,10,Mn,-64.82221,-64.01944,3,11,2.0689655172413794,127,135,101,319,5.316666666666666,15:44,2015,
1/11/2015,11,2015,1,11,Mn,-64.81254,-64.03062,3,7,1.0659898477157361,127,135,394,394,6.566666666666666,10:52,2015,
1/11/2015,11,2015,1,11,Mn,-64.79262,-63.98688,2,7,1.0659898477157361,127,135,394,394,6.566666666666666,12:39,2015,
1/11/2015,11,2015,1,11,Mn,-64.78915,-63.98785,1,7,1.0659898477157361,127,135,394,394,6.566666666666666,13:12,2015,
1/11/2015,11,2015,1,11,Mn,-64.75744,-64.09077,1,7,1.0659898477157361,127,135,394,394,6.566666666666666,16:11,2015,
1/12/2015,12,2015,1,12,Mn,-64.79107,-63.984,5,5,0.7317073170731707,127,135,200,410,6.833333333333333,15:38,2015,
1/13/2015,13,2015,1,13,Mn,-64.7734,-64.1723,2,13,1.6666666666666667,127,135,165,468,7.8,9:45,2015,
1/13/2015,13,2015,1,13,Mn,-64.83412,-64.06652,4,13,1.6666666666666667,127,135,303,468,7.8,14:38,2015,
1/13/2015,13,2015,1,13,Mn,-64.82307,-64.07906,5,13,1.6666666666666667,127,135,303,468,7.8,16:02,2015,
1/13/2015,13,2015,1,13,Mn,-64.71566,-64.06356,2,13,1.6666666666666667,127,135,303,468,7.8,17:25,2015,
1/14/2015,14,2015,1,14,Mn,-64.80318,-64.09332,3,18,2.7341772151898733,127,135,153,395,6.583333333333333,9:20,2015,
1/14/2015,14,2015,1,14,Mn,-64.81219,-64.08537,1,18,2.7341772151898733,127,135,153,395,6.583333333333333,9:35,2015,
1/14/2015,14,2015,1,14,Mn,-64.80389,-64.07435,2,18,2.7341772151898733,127,135,153,395,6.583333333333333,10:22,2015,
1/14/2015,14,2015,1,14,Mn,-64.77613,-64.10193,2,18,2.7341772151898733,127,135,242,395,6.583333333333333,13:50,2015,
1/14/2015,14,2015,1,14,Mn,-64.78017,-64.14503,1,18,2.7341772151898733,127,135,242,395,6.583333333333333,14:34,2015,
1/14/2015,14,2015,1,14,Mn,-64.80264,-64.06924,4,18,2.7341772151898733,127,135,242,395,6.583333333333333,15:05,2015,
1/14/2015,14,2015,1,14,Mn,-64.79518,-64.07454,5,18,2.7341772151898733,127,135,242,395,6.583333333333333,16:34,2015,
1/16/2015,16,2015,1,16,Mn,-64.80956,-63.99746,2,2,0.8275862068965518,127,135,145,145,2.4166666666666665,16:34,2015,
1/17/2015,17,2015,1,17,Mn,-64.79572,-64.0723,2,4,1.1538461538461537,127,135,120,208,3.466666666666667,19:12,2015,
1/17/2015,17,2015,1,17,Mn,-64.81623,-64.07899,2,4,1.1538461538461537,127,135,120,208,3.466666666666667,20:18,2015,
1/18/2015,18,2015,1,18,Mn,-64.81344,-64.01924,1,3,1.2949640287769784,127,135,139,139,2.316666666666667,9:45,2015,
1/18/2015,18,2015,1,18,Mn,-64.79298,-64.07282,2,3,1.2949640287769784,127,135,139,139,2.316666666666667,10:37,2015,
1/19/2015,19,2015,1,19,Mn,-64.78465,-64.00767,1,7,1.926605504587156,127,135,218,218,3.6333333333333333,9:13,2015,
1/19/2015,19,2015,1,19,Mn,-64.79287,-64.15157,2,7,1.926605504587156,127,135,218,218,3.6333333333333333,10:25,2015,
1/19/2015,19,2015,1,19,Mn,-64.79549,-64.16387,4,7,1.926605504587156,127,135,218,218,3.6333333333333333,10:55,2015,
1/21/2015,21,2015,1,21,Mn,-64.8165,-64.11045,5,16,1.92,127,135,257,500,8.333333333333334,10:13,2015,
1/21/2015,21,2015,1,21,Mn,-64.82664,-64.04306,1,16,1.92,127,135,257,500,8.333333333333334,11:41,2015,
1/21/2015,21,2015,1,21,Mn,-64.81847,-64.06811,2,16,1.92,127,135,257,500,8.333333333333334,12:05,2015,
1/21/2015,21,2015,1,21,Mn,-64.80895,-64.16169,2,16,1.92,127,135,243,500,8.333333333333334,14:38,2015,
1/21/2015,21,2015,1,21,Mn,-64.79,-64.1644,2,16,1.92,127,135,243,500,8.333333333333334,15:06,2015,
1/21/2015,21,2015,1,21,Mn,-64.78448,-64.14745,1,16,1.92,127,135,243,500,8.333333333333334,15:36,2015,
1/21/2015,21,2015,1,21,Mn,-64.79237,-64.0652,3,16,1.92,127,135,243,500,8.333333333333334,17:13,2015,
1/23/2015,23,2015,1,23,Mn,-64.79116,-63.98347,1,1,0.4137931034482759,127,135,145,145,2.4166666666666665,9:37,2015,
1/25/2015,25,2015,1,25,Mn,-64.79798,-63.97482,2,2,0.2298850574712644,127,135,342,522,8.7,12:53,2015,
1/26/2015,26,2015,1,26,Mn,-64.82279,-64.07594,1,3,0.4215456674473068,127,135,195,427,7.116666666666666,11:07,2015,
1/26/2015,26,2015,1,26,Mn,-64.80837,-63.99686,1,3,0.4215456674473068,127,135,232,427,7.116666666666666,14:35,2015,
1/26/2015,26,2015,1,26,Mn,-64.78372,-64.00709,1,3,0.4215456674473068,127,135,232,427,7.116666666666666,15:54,2015,
1/27/2015,27,2015,1,27,Mn,-64.8254,-63.83577,2,2,0.547945205479452,127,135,219,219,3.65,13:47,2015,
1/28/2015,28,2015,1,28,Mn,-64.77609,-64.10952,2,6,0.8780487804878049,127,135,227,410,6.833333333333333,9:15,2015,
1/28/2015,28,2015,1,28,Mn,-64.73647,-64.1805,2,6,0.8780487804878049,127,135,227,410,6.833333333333333,10:15,2015,
1/28/2015,28,2015,1,28,Mn,-64.78502,-64.06343,1,6,0.8780487804878049,127,135,183,410,6.833333333333333,14:27,2015,
1/28/2015,28,2015,1,28,Mn,-64.77025,-64.12976,1,6,0.8780487804878049,127,135,183,410,6.833333333333333,15:19,2015,
1/30/2015,30,2015,1,30,Mn,-64.7721,-64.06699,2,6,0.7809110629067245,127,135,95,461,7.683333333333334,13:31,2015,
1/30/2015,30,2015,1,30,Mn,-64.79807,-64.07176,2,6,0.7809110629067245,127,135,95,461,7.683333333333334,14:35,2015,
1/30/2015,30,2015,1,30,Mn,-64.77802,-64.08808,2,6,0.7809110629067245,127,135,80,461,7.683333333333334,18:00,2015,
2/1/2015,32,2015,2,1,Mn,-64.79052,-64.07531,2,4,2.181818181818182,8,135,41,110,1.8333333333333333,8:33,2015,
2/1/2015,32,2015,2,1,Mn,-64.78721,-64.09069,2,4,2.181818181818182,8,135,69,110,1.8333333333333333,16:37,2015,
2/2/2015,33,2015,2,2,Mn,-64.81872,-64.02628,2,4,0.8602150537634408,8,135,147,279,4.65,9:12,2015,
2/2/2015,33,2015,2,2,Mn,-64.78053,-64.13001,2,4,0.8602150537634408,8,135,132,279,4.65,14:15,2015,
1/16/2016,16,2016,1,16,Mn,-64.77921,-64.1482,1,1,0.3076923076923077,21,96,195,195,3.25,19:54,2016,
1/17/2016,17,2016,1,17,Mn,-64.773002,-64.054003,3,5,2,21,96,150,150,2.5,15:07,2016,
1/17/2016,17,2016,1,17,Mn,-64.814302,-63.965388,2,5,2,21,96,150,150,2.5,16:03,2016,
1/18/2016,18,2016,1,18,Mn,-64.735362,-64.202722,1,4,1,21,96,120,240,4,10:17,2016,
1/18/2016,18,2016,1,18,Mn,-64.735362,-64.202722,2,4,1,21,96,120,240,4,10:58,2016,
1/18/2016,18,2016,1,18,Mn,-64.735362,-64.202722,1,4,1,21,96,120,240,4,11:26,2016,
1/19/2016,19,2016,1,19,Mn,-64.818093,-64.108525,2,2,1,21,96,120,120,2,10:23,2016,
1/20/2016,20,2016,1,20,Mn,-64.811165,-63.997928,1,4,0.75,21,96,260,320,5.333333333333333,10:39,2016,
1/20/2016,20,2016,1,20,Mn,-64.807393,-63.968565,2,4,0.75,21,96,260,320,5.333333333333333,10:57,2016,
1/20/2016,20,2016,1,20,Mn,-64.802897,-63.960427,1,4,0.75,21,96,260,320,5.333333333333333,11:25,2016,
1/24/2016,24,2016,1,24,Mn,-64.811302,-64.06664,2,5,0.6666666666666666,21,96,450,450,7.5,11:15,2016,
1/24/2016,24,2016,1,24,Mn,-64.811302,-64.06664,2,5,0.6666666666666666,21,96,450,450,7.5,11:35,2016,
1/24/2016,24,2016,1,24,Mn,-64.834603,-63.860947,1,5,0.6666666666666666,21,96,450,450,7.5,14:17,2016,
2/1/2016,32,2016,2,1,Mn,-64.785943,-64.009087,1,1,0.2857142857142857,7,96,120,210,3.5,10:38,2016,
2/6/2016,37,2016,2,6,Mn,-64.81316,-64.01707,2,2,0.5,7,96,240,240,4,14:09,2016,
2/22/2016,53,2016,2,22,Mn,-64.81016,-64.08205,1,3,0.6923076923076924,7,96,210,260,4.333333333333333,9:31,2016,
2/22/2016,53,2016,2,22,Mn,-64.737173,-64.187327,2,3,0.6923076923076924,7,96,210,260,4.333333333333333,11:02,2016,
2/29/2016,60,2016,2,29,Mn,-64.787492,-64.116022,1,1,0.125,7,96,150,480,8,14:02,2016,
3/9/2016,69,2016,3,9,Mn,-64.807162,-64.117923,1,1,0.18181818181818182,24,96,210,330,5.5,10:07,2016,
3/13/2016,73,2016,3,13,Mn,-64.79539,-64.141308,3,8,2.6666666666666665,24,96,180,180,3,13:45,2016,
3/13/2016,73,2016,3,13,Mn,-64.79539,-64.141308,3,8,2.6666666666666665,24,96,180,180,3,14:21,2016,
3/13/2016,73,2016,3,13,Mn,-64.79539,-64.141308,2,8,2.6666666666666665,24,96,180,180,3,16:18,2016,
3/14/2016,74,2016,3,14,Mn,-64.79758,-64.13671,1,1,0.18181818181818182,24,96,210,330,5.5,16:30,2016,
3/19/2016,79,2016,3,19,Mn,-64.823858,-64.037657,1,1,0.15384615384615385,24,96,225,390,6.5,10:41,2016,
3/25/2016,85,2016,3,25,Mn,-64.79528,-63.86755,2,3,0.8,24,96,135,225,3.75,10:29,2016,
3/25/2016,85,2016,3,25,Mn,-64.79586,-63.870217,1,3,0.8,24,96,135,225,3.75,10:58,2016,
3/29/2016,89,2016,3,29,Mn,-64.756772,-64.12722,2,8,1.3333333333333333,24,96,120,360,6,11:21,2016,
3/29/2016,89,2016,3,29,Mn,-64.757915,-64.15225,3,8,1.3333333333333333,24,96,120,360,6,11:41,2016,
3/29/2016,89,2016,3,29,Mn,-64.743762,-64.146505,1,8,1.3333333333333333,24,96,120,360,6,11:59,2016,
3/29/2016,89,2016,3,29,Mn,-64.744782,-64.136073,2,8,1.3333333333333333,24,96,120,360,6,12:43,2016,
3/31/2016,91,2016,3,31,Mn,-64.79466,-63.98366,2,2,0.32,24,96,225,375,6.25,10:32,2016,
4/1/2016,92,2016,4,1,Mn,-64.781107,-64.120698,1,14,2.6666666666666665,44,96,135,315,5.25,9:43,2016,
4/1/2016,92,2016,4,1,Mn,-64.76669,-64.12126,2,14,2.6666666666666665,44,96,180,315,5.25,15:01,2016,
4/1/2016,92,2016,4,1,Mn,-64.751363,-64.157265,1,14,2.6666666666666665,44,96,180,315,5.25,15:36,2016,
4/1/2016,92,2016,4,1,Mn,-64.746025,-64.151435,4,14,2.6666666666666665,44,96,180,315,5.25,16:05,2016,
4/1/2016,92,2016,4,1,Mn,-64.746025,-64.151435,3,14,2.6666666666666665,44,96,180,315,5.25,16:59,2016,
4/1/2016,92,2016,4,1,Mn,-64.746025,-64.151435,3,14,2.6666666666666665,44,96,180,315,5.25,16:59,2016,
4/2/2016,93,2016,4,2,Mn,-64.755687,-64.149148,2,10,2.2222222222222223,44,96,195,270,4.5,15:25,2016,
4/2/2016,93,2016,4,2,Mn,-64.755687,-64.149148,3,10,2.2222222222222223,44,96,195,270,4.5,15:25,2016,
4/2/2016,93,2016,4,2,Mn,-64.755687,-64.149148,2,10,2.2222222222222223,44,96,195,270,4.5,15:25,2016,
4/2/2016,93,2016,4,2,Mn,-64.755687,-64.149148,3,10,2.2222222222222223,44,96,195,270,4.5,15:25,2016,
4/3/2016,94,2016,4,3,Mn,-64.764132,-64.17007,2,2,0.8,44,96,150,150,2.5,14:27,2016,
4/4/2016,95,2016,4,4,Mn,-64.760478,-64.102162,2,6,0.9230769230769231,44,96,210,390,6.5,9:59,2016,
4/4/2016,95,2016,4,4,Mn,-64.769278,-64.138512,2,6,0.9230769230769231,44,96,210,390,6.5,12:01,2016,
4/4/2016,95,2016,4,4,Mn,-64.758523,-64.116318,1,6,0.9230769230769231,44,96,210,390,6.5,12:47,2016,
4/4/2016,95,2016,4,4,Mn,-64.769355,-64.13137,1,6,0.9230769230769231,44,96,180,390,6.5,15:08,2016,
4/7/2016,98,2016,4,7,Mn,-64.757268,-64.103138,2,6,4,44,96,90,90,1.5,16:20,2016,
4/7/2016,98,2016,4,7,Mn,-64.764617,-64.126443,1,6,4,44,96,90,90,1.5,16:20,2016,
4/7/2016,98,2016,4,7,Mn,-64.764617,-64.126443,3,6,4,44,96,90,90,1.5,16:20,2016,
4/8/2016,99,2016,4,8,Mn,-64.760173,-64.114933,1,6,2.1818181818181817,44,96,165,165,2.75,10:00,2016,
4/8/2016,99,2016,4,8,Mn,-64.760173,-64.114933,2,6,2.1818181818181817,44,96,165,165,2.75,10:00,2016,
4/8/2016,99,2016,4,8,Mn,-64.798928,-64.13763,3,6,2.1818181818181817,44,96,165,165,2.75,11:22,2016,
1/5/2017,5,2017,1,5,Mn,-64.784377,-64.016295,2,2,0.8888888888888888,82,153,135,135,2.25,18:44,2017,
1/6/2017,6,2017,1,6,Mn,-64.80952,-64.046382,1,6,1.7142857142857142,82,153,210,210,3.5,9:49,2017,
1/6/2017,6,2017,1,6,Mn,-64.809552,-64.046412,2,6,1.7142857142857142,82,153,210,210,3.5,10:51,2017,
1/6/2017,6,2017,1,6,Mn,-64.78246,-64.06066,3,6,1.7142857142857142,82,153,210,210,3.5,11:12,2017,
1/8/2017,8,2017,1,8,Mn,-64.774377,-64.054029,2,9,1.2796208530805688,82,153,422,422,7.033333333333333,8:58,2017,
1/8/2017,8,2017,1,8,Mn,-64.794057,-64.061867,3,9,1.2796208530805688,82,153,422,422,7.033333333333333,9:22,2017,
1/8/2017,8,2017,1,8,Mn,-64.806177,-64.070307,2,9,1.2796208530805688,82,153,422,422,7.033333333333333,10:23,2017,
1/8/2017,8,2017,1,8,Mn,-64.803168,-64.087713,1,9,1.2796208530805688,82,153,422,422,7.033333333333333,12:11,2017,
1/8/2017,8,2017,1,8,Mn,-64.8154,-64.058587,1,9,1.2796208530805688,82,153,422,422,7.033333333333333,13:30,2017,
1/12/2017,12,2017,1,12,Mn,-64.796955,-64.050047,5,18,2.3225806451612905,82,153,240,465,7.75,8:43,2017,"FLAG, Off Effort, added manually"
1/12/2017,12,2017,1,12,Mn,-64.794893,-64.070202,1,18,2.3225806451612905,82,153,240,465,7.75,11:24,2017,
1/12/2017,12,2017,1,12,Mn,-64.768268,-64.12303,3,18,2.3225806451612905,82,153,240,465,7.75,12:12,2017,
1/12/2017,12,2017,1,12,Mn,-64.808067,-64.123173,2,18,2.3225806451612905,82,153,225,465,7.75,14:58,2017,
1/12/2017,12,2017,1,12,Mn,-64.791025,-64.011002,5,18,2.3225806451612905,82,153,225,465,7.75,16:22,2017,
1/12/2017,12,2017,1,12,Mn,-64.790483,-64.069482,2,18,2.3225806451612905,82,153,225,465,7.75,17:43,2017,"FLAG, Off Effort, added manually"
1/13/2017,13,2017,1,13,Mn,-64.79033,-64.084617,2,2,0.8,82,153,150,150,2.5,10:49,2017,
1/18/2017,18,2017,1,18,Mn,-64.776083,-64.107293,10,15,2.4,82,153,375,375,6.25,10:02,2017,
1/18/2017,18,2017,1,18,Mn,-64.77447,-64.297892,1,15,2.4,82,153,375,375,6.25,12:06,2017,
1/18/2017,18,2017,1,18,Mn,-64.782372,-64.123803,1,15,2.4,82,153,375,375,6.25,13:41,2017,
1/18/2017,18,2017,1,18,Mn,-64.785283,-64.116415,1,15,2.4,82,153,375,375,6.25,14:07,2017,
1/18/2017,18,2017,1,18,Mn,-64.773307,-64.12672,1,15,2.4,82,153,375,375,6.25,14:35,2017,
1/18/2017,18,2017,1,18,Mn,-64.773835,-64.11961,1,15,2.4,82,153,375,375,6.25,14:58,2017,
1/19/2017,19,2017,1,19,Mn,-64.790618,-64.104458,2,16,3.0476190476190474,82,153,165,315,5.25,10:20,2017,
1/19/2017,19,2017,1,19,Mn,-64.788528,-64.116677,2,16,3.0476190476190474,82,153,165,315,5.25,10:47,2017,
1/19/2017,19,2017,1,19,Mn,-64.779877,-64.14358,2,16,3.0476190476190474,82,153,165,315,5.25,11:17,2017,
1/19/2017,19,2017,1,19,Mn,-64.776013,-64.131037,3,16,3.0476190476190474,82,153,150,315,5.25,14:24,2017,
1/19/2017,19,2017,1,19,Mn,-64.777938,-64.12246,1,16,3.0476190476190474,82,153,150,315,5.25,15:18,2017,
1/19/2017,19,2017,1,19,Mn,-64.767783,-64.123442,2,16,3.0476190476190474,82,153,150,315,5.25,15:28,2017,
1/19/2017,19,2017,1,19,Mn,-64.76919,-64.131417,4,16,3.0476190476190474,82,153,150,315,5.25,15:36,2017,
1/22/2017,22,2017,1,22,Mn,-64.807017,-63.85727,1,2,0.2857142857142857,82,153,240,420,7,15:20,2017,
1/22/2017,22,2017,1,22,Mn,-64.811112,-64.016683,1,2,0.2857142857142857,82,153,240,420,7,17:19,2017,
1/23/2017,23,2017,1,23,Mn,-64.750997,-64.216357,1,5,0.7142857142857143,82,153,420,420,7,14:36,2017,
1/23/2017,23,2017,1,23,Mn,-64.774933,-64.130218,2,5,0.7142857142857143,82,153,420,420,7,15:01,2017,
1/23/2017,23,2017,1,23,Mn,-64.762365,-64.1216,2,5,0.7142857142857143,82,153,420,420,7,15:35,2017,
1/30/2017,30,2017,1,30,Mn,-64.81233,-64.03294,1,6,1.8461538461538463,82,153,195,195,3.25,9:26,2017,
1/30/2017,30,2017,1,30,Mn,-64.814573,-64.002592,1,6,1.8461538461538463,82,153,195,195,3.25,10:24,2017,
1/30/2017,30,2017,1,30,Mn,-64.810892,-64.074983,1,6,1.8461538461538463,82,153,195,195,3.25,11:10,2017,
1/30/2017,30,2017,1,30,Mn,-64.811588,-64.091043,3,6,1.8461538461538463,82,153,195,195,3.25,11:26,2017,
1/31/2017,31,2017,1,31,Mn,-64.77914,-64.37542,1,1,0.12903225806451613,82,153,330,465,7.75,12:13,2017,
2/1/2017,32,2017,2,1,Mn,-64.802,-64.103,1,2,0.3076923076923077,38,153,165,390,6.5,11:15,2017,
2/1/2017,32,2017,2,1,Mn,-64.802605,-64.097083,1,2,0.3076923076923077,38,153,225,390,6.5,14:38,2017,
2/4/2017,35,2017,2,4,Mn,-64.81045,-63.995967,2,2,0.36363636363636365,38,153,150,330,5.5,10:56,2017,
2/9/2017,40,2017,2,9,Mn,-64.74227,-64.136812,1,3,0.8,38,153,225,225,3.75,11:08,2017,
2/9/2017,40,2017,2,9,Mn,-64.75645,-64.196722,2,3,0.8,38,153,225,225,3.75,11:20,2017,
2/11/2017,42,2017,2,11,Mn,-64.75755,-64.155008,2,5,1.25,38,153,240,240,4,10:48,2017,
2/11/2017,42,2017,2,11,Mn,-64.744883,-64.152782,3,5,1.25,38,153,240,240,4,11:13,2017,
2/13/2017,44,2017,2,13,Mn,-64.80833,-64.0405,3,3,1.7142857142857142,38,153,105,105,1.75,9:40,2017,
2/17/2017,48,2017,2,17,Mn,-64.799317,-63.875025,1,1,0.16666666666666666,38,153,360,360,6,12:08,2017,
2/18/2017,49,2017,2,18,Mn,-64.800515,-64.103252,2,3,1,38,153,180,180,3,10:15,2017,
2/18/2017,49,2017,2,18,Mn,-64.800515,-64.103252,1,3,1,38,153,180,180,3,10:57,2017,
2/19/2017,50,2017,2,19,Mn,-64.774677,-64.136415,3,8,1.6842105263157894,38,153,135,285,4.75,15:44,2017,
2/19/2017,50,2017,2,19,Mn,-64.794845,-64.147775,4,8,1.6842105263157894,38,153,135,285,4.75,16:08,2017,
2/19/2017,50,2017,2,19,Mn,-64.796645,-64.132378,1,8,1.6842105263157894,38,153,135,285,4.75,16:20,2017,
2/21/2017,52,2017,2,21,Mn,-64.797485,-64.060073,2,5,1,38,153,300,300,5,11:48,2017,
2/21/2017,52,2017,2,21,Mn,-64.805692,-64.036283,3,5,1,38,153,300,300,5,12:22,2017,
2/25/2017,56,2017,2,25,Mn,-64.788803,-64.116732,1,4,1.2307692307692308,38,153,195,195,3.25,9:48,2017,
2/25/2017,56,2017,2,25,Mn,-64.763397,-64.153897,3,4,1.2307692307692308,38,153,195,195,3.25,11:24,2017,
2/28/2017,59,2017,2,28,Mn,-64.804323,-64.054862,2,2,0.2857142857142857,38,153,420,420,7,9:47,2017,
3/2/2017,61,2017,3,2,Mn,-64.728693,-64.240402,2,6,0.8571428571428571,26,153,420,420,7,15:21,2017,
3/2/2017,61,2017,3,2,Mn,-64.731783,-64.181462,3,6,0.8571428571428571,26,153,420,420,7,15:39,2017,
3/2/2017,61,2017,3,2,Mn,-64.730883,-64.175505,1,6,0.8571428571428571,26,153,420,420,7,16:03,2017,
3/3/2017,62,2017,3,3,Mn,-64.786095,-64.100788,2,6,1.2,26,153,300,300,5,10:04,2017,
3/3/2017,62,2017,3,3,Mn,-64.724683,-64.17894,4,6,1.2,26,153,300,300,5,12:49,2017,
3/8/2017,67,2017,3,8,Mn,-64.800963,-64.075987,1,6,0.8571428571428571,26,153,420,420,7,10:17,2017,
3/8/2017,67,2017,3,8,Mn,-64.808023,-64.04886,2,6,0.8571428571428571,26,153,420,420,7,10:39,2017,
3/8/2017,67,2017,3,8,Mn,-64.809263,-64.065067,1,6,0.8571428571428571,26,153,420,420,7,11:18,2017,
3/8/2017,67,2017,3,8,Mn,-64.778608,-64.000313,2,6,0.8571428571428571,26,153,420,420,7,12:27,2017,
3/10/2017,69,2017,3,10,Mn,-64.778608,-64.000313,2,2,1,26,153,120,120,2,16:46,2017,
3/25/2017,84,2017,3,25,Mn,-64.766033,-64.110902,2,2,0.6666666666666666,26,153,180,180,3,10:09,2017,
3/26/2017,85,2017,3,26,Mn,-64.799993,-64.119072,3,4,0.7272727272727273,26,153,150,330,5.5,14:30,2017,
3/26/2017,85,2017,3,26,Mn,-64.810652,-64.134273,1,4,0.7272727272727273,26,153,150,330,5.5,14:54,2017,
4/4/2017,94,2017,4,4,Mn,-64.751098,-64.145413,1,2,0.36363636363636365,7,153,210,330,5.5,13:40,2017,
4/4/2017,94,2017,4,4,Mn,-64.742075,-64.142167,1,2,0.36363636363636365,7,153,210,330,5.5,14:35,2017,
4/10/2017,100,2017,4,10,Mn,-64.762,-64.12389,2,2,4,7,153,30,30,0.5,16:15,2017,
4/12/2017,102,2017,4,12,Mn,-64.79148,-64.1176,1,3,1.2,7,153,150,150,2.5,13:13,2017,
4/12/2017,102,2017,4,12,Mn,-64.79016,-64.156482,2,3,1.2,7,153,150,150,2.5,13:37,2017,
1/4/2018,4,2018,1,4,Mn,-64.805478,-64.083443,1,1,0.4444444444444444,58,176,135,135,2.25,20:52,2018,
1/7/2018,7,2018,1,7,Mn,-64.803313,-64.101142,1,1,0.17391304347826086,58,176,175,345,5.75,16:17,2018,
1/8/2018,8,2018,1,8,Mn,-64.811972,-64.10549,2,4,0.979591836734694,58,176,245,245,4.083333333333333,12:16,2018,
1/8/2018,8,2018,1,8,Mn,-64.803492,-64.097758,1,4,0.979591836734694,58,176,245,245,4.083333333333333,13:12,2018,
1/8/2018,8,2018,1,8,Mn,-64.77578,-64.098157,1,4,0.979591836734694,58,176,245,245,4.083333333333333,14:37,2018,
1/10/2018,10,2018,1,10,Mn,-64.768993,-64.127822,1,2,0.48,58,176,250,250,4.166666666666667,11:46,2018,
1/10/2018,10,2018,1,10,Mn,-64.795458,-64.08591,1,2,0.48,58,176,250,250,4.166666666666667,12:53,2018,
1/12/2018,12,2018,1,12,Mn,-64.78337,-64.081443,2,2,0.6,58,176,200,200,3.3333333333333335,10:24,2018,
1/13/2018,13,2018,1,13,Mn,-64.784563,-64.148347,2,4,1.2307692307692308,58,176,195,195,3.25,13:51,2018,
1/13/2018,13,2018,1,13,Mn,-64.798417,-64.105483,2,4,1.2307692307692308,58,176,195,195,3.25,15:56,2018,
1/15/2018,15,2018,1,15,Mn,-64.798452,-64.072063,2,4,1.3333333333333333,58,176,180,180,3,12:22,2018,
1/15/2018,15,2018,1,15,Mn,-64.777157,-64.137753,2,4,1.3333333333333333,58,176,180,180,3,14:10,2018,
1/16/2018,16,2018,1,16,Mn,-64.786218,-64.13461,1,1,0.3076923076923077,58,176,195,195,3.25,15:10,2018,
1/17/2018,17,2018,1,17,Mn,-64.800597,-63.939192,1,2,0.34782608695652173,58,176,120,345,5.75,16:51,2018,
1/17/2018,17,2018,1,17,Mn,-64.802494,-63.853883,1,2,0.34782608695652173,58,176,120,345,5.75,17:05,2018,
1/21/2018,21,2018,1,21,Mn,-64.794093,-64.135788,2,7,1.4,58,176,300,300,5,12:13,2018,
1/21/2018,21,2018,1,21,Mn,-64.78131,-64.058012,2,7,1.4,58,176,300,300,5,12:44,2018,
1/21/2018,21,2018,1,21,Mn,-64.805612,-64.070315,1,7,1.4,58,176,300,300,5,14:47,2018,
1/21/2018,21,2018,1,21,Mn,-64.788523,-64.101758,2,7,1.4,58,176,300,300,5,16:27,2018,
1/22/2018,22,2018,1,22,Mn,-64.810015,-64.059202,2,6,0.9230769230769231,58,176,225,390,6.5,9:31,2018,
1/22/2018,22,2018,1,22,Mn,-64.785178,-64.040347,2,6,0.9230769230769231,58,176,105,390,6.5,16:39,2018,
1/22/2018,22,2018,1,22,Mn,-64.79041,-64.019872,2,6,0.9230769230769231,58,176,105,390,6.5,17:07,2018,
1/23/2018,23,2018,1,23,Mn,-64.738768,-64.109727,2,2,0.4,58,176,105,300,5,8:49,2018,
1/25/2018,25,2018,1,25,Mn,-64.792358,-64.133415,1,5,0.8108108108108107,58,176,150,370,6.166666666666667,11:41,2018,
1/25/2018,25,2018,1,25,Mn,-64.792532,-64.145385,2,5,0.8108108108108107,58,176,150,370,6.166666666666667,12:21,2018,
1/25/2018,25,2018,1,25,Mn,-64.814582,-63.825403,2,5,0.8108108108108107,58,176,220,370,6.166666666666667,16:25,2018,
1/27/2018,27,2018,1,27,Mn,-64.772342,-64.14473,3,3,1.2,58,176,150,150,2.5,10:14,2018,
1/28/2018,28,2018,1,28,Mn,-64.792292,-64.096602,1,1,0.42857142857142855,58,176,140,140,2.3333333333333335,10:32,2018,
1/29/2018,29,2018,1,29,Mn,-64.796985,-63.939742,1,1,0.19047619047619047,58,176,195,315,5.25,15:25,2018,
1/30/2018,30,2018,1,30,Mn,-64.829845,-64.1292,1,9,1.542857142857143,58,176,280,350,5.833333333333333,14:54,2018,
1/30/2018,30,2018,1,30,Mn,-64.829845,-64.1292,2,9,1.542857142857143,58,176,280,350,5.833333333333333,15:24,2018,
1/30/2018,30,2018,1,30,Mn,-64.835733,-64.04831,1,9,1.542857142857143,58,176,280,350,5.833333333333333,15:29,2018,
1/30/2018,30,2018,1,30,Mn,-64.8125,-63.840562,4,9,1.542857142857143,58,176,280,350,5.833333333333333,16:57,2018,
1/30/2018,30,2018,1,30,Mn,-64.807282,-63.845468,1,9,1.542857142857143,58,176,280,350,5.833333333333333,17:06,2018,
1/31/2018,31,2018,1,31,Mn,-64.753058,-64.123272,1,3,2,58,176,90,90,1.5,9:23,2018,
1/31/2018,31,2018,1,31,Mn,-64.806983,-64.061292,2,3,2,58,176,90,90,1.5,10:09,2018,
2/1/2018,32,2018,2,1,Mn,-64.784207,-64.026758,1,2,0.375,56,176,320,320,5.333333333333333,12:03,2018,
2/1/2018,32,2018,2,1,Mn,-64.787175,-63.997155,1,2,0.375,56,176,320,320,5.333333333333333,13:50,2018,
2/2/2018,33,2018,2,2,Mn,-64.793477,-64.087308,2,4,1.7142857142857142,56,176,140,140,2.3333333333333335,10:04,2018,
2/2/2018,33,2018,2,2,Mn,-64.789748,-64.069628,2,4,1.7142857142857142,56,176,140,140,2.3333333333333335,10:25,2018,
2/4/2018,35,2018,2,4,Mn,-64.80913,-63.985442,2,9,1.4594594594594594,56,176,180,370,6.166666666666667,10:10,2018,
2/4/2018,35,2018,2,4,Mn,-64.810737,-63.99547,1,9,1.4594594594594594,56,176,180,370,6.166666666666667,10:10,2018,
2/4/2018,35,2018,2,4,Mn,-64.755788,-64.110997,2,9,1.4594594594594594,56,176,180,370,6.166666666666667,12:09,2018,
2/4/2018,35,2018,2,4,Mn,-64.758465,-64.122485,1,9,1.4594594594594594,56,176,180,370,6.166666666666667,12:12,2018,
2/4/2018,35,2018,2,4,Mn,-64.781038,-64.118795,3,9,1.4594594594594594,56,176,190,370,6.166666666666667,14:05,2018,
2/5/2018,36,2018,2,5,Mn,-64.765638,-64.135937,1,2,0.4,56,176,300,300,5,10:05,2018,
2/5/2018,36,2018,2,5,Mn,-64.800913,-64.08802,1,2,0.4,56,176,300,300,5,10:49,2018,
2/8/2018,39,2018,2,8,Mn,-64.795117,-64.06828,2,2,0.4,56,176,180,300,5,17:01,2018,
2/11/2018,42,2018,2,11,Mn,-64.77396,-64.059657,2,15,1.9148936170212767,56,176,470,470,7.833333333333333,10:14,2018,
2/11/2018,42,2018,2,11,Mn,-64.759947,-64.352247,4,15,1.9148936170212767,56,176,470,470,7.833333333333333,12:20,2018,
2/11/2018,42,2018,2,11,Mn,-64.753833,-64.337655,2,15,1.9148936170212767,56,176,470,470,7.833333333333333,13:06,2018,
2/11/2018,42,2018,2,11,Mn,-64.758017,-64.34483,2,15,1.9148936170212767,56,176,470,470,7.833333333333333,13:34,2018,
2/11/2018,42,2018,2,11,Mn,-64.757578,-64.3361,3,15,1.9148936170212767,56,176,470,470,7.833333333333333,15:27,2018,
2/11/2018,42,2018,2,11,Mn,-64.78572,-64.102367,2,15,1.9148936170212767,56,176,470,470,7.833333333333333,16:40,2018,
2/14/2018,45,2018,2,14,Mn,-64.789278,-63.99256,1,2,0.46153846153846156,56,176,260,260,4.333333333333333,10:39,2018,
2/14/2018,45,2018,2,14,Mn,-64.795452,-63.949637,1,2,0.46153846153846156,56,176,260,260,4.333333333333333,13:29,2018,
2/15/2018,46,2018,2,15,Mn,-64.814758,-64.06892,1,1,0.2222222222222222,56,176,270,270,4.5,13:53,2018,
2/22/2018,53,2018,2,22,Mn,-64.785987,-64.102845,4,4,2,56,176,30,120,2,14:05,2018,
2/23/2018,54,2018,2,23,Mn,-64.802773,-63.98359,3,7,2.1538461538461537,56,176,195,195,3.25,16:39,2018,
2/23/2018,54,2018,2,23,Mn,-64.791443,-64.048297,4,7,2.1538461538461537,56,176,195,195,3.25,17:04,2018,
2/26/2018,57,2018,2,26,Mn,-64.819888,-64.001232,2,3,0.5,56,176,120,360,6,14:28,2018,
2/26/2018,57,2018,2,26,Mn,-64.70801,-64.32635,1,3,0.5,56,176,240,360,6,19:12,2018,
2/27/2018,58,2018,2,27,Mn,-64.77842,-64.079615,1,3,0.8571428571428571,56,176,150,210,3.5,10:44,2018,
2/27/2018,58,2018,2,27,Mn,-64.786463,-64.1396,2,3,0.8571428571428571,56,176,150,210,3.5,11:51,2018,
2/28/2018,59,2018,2,28,Mn,-64.790287,-64.17462,2,2,0.38095238095238093,56,176,180,315,5.25,11:55,2018,
3/1/2018,60,2018,3,1,Mn,-64.812333,-64.07114,2,2,0.48,60,176,130,250,4.166666666666667,11:04,2018,
3/2/2018,61,2018,3,2,Mn,-64.763493,-64.138178,3,8,1.6,60,176,180,300,5,11:31,2018,
3/2/2018,61,2018,3,2,Mn,-64.763493,-64.138178,2,8,1.6,60,176,180,300,5,11:32,2018,
3/2/2018,61,2018,3,2,Mn,-64.76333,-64.138352,3,8,1.6,60,176,180,300,5,11:33,2018,
3/3/2018,62,2018,3,3,Mn,-64.774542,-63.996762,3,3,1,60,176,135,180,3,10:44,2018,
3/4/2018,63,2018,3,4,Mn,-64.773215,-64.130833,2,2,0.8,60,176,150,150,2.5,16:38,2018,
3/5/2018,64,2018,3,5,Mn,-64.791208,-64.06873,3,8,1.1428571428571428,60,176,420,420,7,11:32,2018,
3/5/2018,64,2018,3,5,Mn,-64.775367,-64.16947,2,8,1.1428571428571428,60,176,420,420,7,14:24,2018,
3/5/2018,64,2018,3,5,Mn,-64.771428,-64.141877,1,8,1.1428571428571428,60,176,420,420,7,14:45,2018,
3/5/2018,64,2018,3,5,Mn,-64.785715,-64.107612,2,8,1.1428571428571428,60,176,420,420,7,15:33,2018,
3/6/2018,65,2018,3,6,Mn,-64.80048,-64.160668,4,6,1.6744186046511627,60,176,215,215,3.5833333333333335,12:21,2018,
3/6/2018,65,2018,3,6,Mn,-64.80538,-64.15892,2,6,1.6744186046511627,60,176,215,215,3.5833333333333335,12:57,2018,
3/8/2018,67,2018,3,8,Mn,-64.815403,-64.079385,2,4,0.8,60,176,135,300,5,11:42,2018,
3/8/2018,67,2018,3,8,Mn,-64.801615,-64.011553,2,4,0.8,60,176,165,300,5,15:29,2018,
3/9/2018,68,2018,3,9,Mn,-64.804647,-64.077155,2,2,0.34285714285714286,60,176,350,350,5.833333333333333,14:46,2018,
3/12/2018,71,2018,3,12,Mn,-64.729475,-64.272787,2,3,0.6,60,176,300,300,5,10:42,2018,
3/12/2018,71,2018,3,12,Mn,-64.75812,-64.19379,1,3,0.6,60,176,300,300,5,13:21,2018,
3/17/2018,76,2018,3,17,Mn,-64.778318,-64.074628,2,2,0.6666666666666666,60,176,180,180,3,10:13,2018,
3/19/2018,78,2018,3,19,Mn,-64.747065,-64.131647,2,2,1.2,60,176,100,100,1.6666666666666667,10:56,2018,
3/26/2018,85,2018,3,26,Mn,-64.798718,-64.048697,1,3,0.7058823529411765,60,176,120,255,4.25,11:52,2018,
3/26/2018,85,2018,3,26,Mn,-64.792405,-64.146398,2,3,0.7058823529411765,60,176,135,255,4.25,15:46,2018,
3/29/2018,88,2018,3,29,Mn,-64.764507,-64.109792,2,6,3.1304347826086953,60,176,115,115,1.9166666666666667,10:14,2018,
3/29/2018,88,2018,3,29,Mn,-64.814038,-63.974973,4,6,3.1304347826086953,60,176,115,115,1.9166666666666667,11:30,2018,
3/30/2018,89,2018,3,30,Mn,-64.815653,-63.988532,1,5,1.4285714285714286,60,176,90,210,3.5,10:30,2018,
3/30/2018,89,2018,3,30,Mn,-64.767727,-64.146907,1,5,1.4285714285714286,60,176,120,210,3.5,16:11,2018,
3/30/2018,89,2018,3,30,Mn,-64.767727,-64.146907,1,5,1.4285714285714286,60,176,120,210,3.5,16:11,2018,
3/30/2018,89,2018,3,30,Mn,-64.767793,-64.14678,2,5,1.4285714285714286,60,176,120,210,3.5,16:12,2018,
3/31/2018,90,2018,3,31,Mn,-64.805673,-64.077255,1,4,1.2,60,176,200,200,3.3333333333333335,10:08,2018,
3/31/2018,90,2018,3,31,Mn,-64.817865,-64.013612,3,4,1.2,60,176,200,200,3.3333333333333335,10:59,2018,
4/1/2018,91,2018,4,1,Mn,-64.808795,-64.008966,2,2,0.6666666666666666,2,176,180,180,3,14:24,2018,
1/11/2019,11,2019,1,11,Mn,-64.860556,-64.034444,3,8,1.1162790697674418,271,586,175,430,7.166666666666667,8:05,2019,"FLAG, Off Effort, added manually"
1/11/2019,11,2019,1,11,Mn,-64.749723,-64.16728,1,8,1.1162790697674418,271,586,135,430,7.166666666666667,19:23,2019,
1/11/2019,11,2019,1,11,Mn,-64.749723,-64.16728,4,8,1.1162790697674418,271,586,135,430,7.166666666666667,19:23,2019,
1/12/2019,12,2019,1,12,Mn,-64.798927,-63.893373,2,3,0.8,271,586,225,225,3.75,9:42,2019,
1/12/2019,12,2019,1,12,Mn,-64.803507,-63.96347,1,3,0.8,271,586,225,225,3.75,10:57,2019,
1/13/2019,13,2019,1,13,Mn,-64.798275,-64.164032,2,5,0.8333333333333334,271,586,360,360,6,14:35,2019,
1/13/2019,13,2019,1,13,Mn,-64.823163,-63.810912,3,5,0.8333333333333334,271,586,360,360,6,16:28,2019,
1/14/2019,14,2019,1,14,Mn,-64.75692,-64.100742,1,3,1.5,271,586,120,120,2,13:40,2019,
1/14/2019,14,2019,1,14,Mn,-64.822047,-64.04514,2,3,1.5,271,586,120,120,2,14:44,2019,
1/15/2019,15,2019,1,15,Mn,-64.777018,-64.071085,2,10,0.9090909090909091,271,586,660,660,11,8:12,2019,
1/15/2019,15,2019,1,15,Mn,-64.77364,-64.150955,2,10,0.9090909090909091,271,586,660,660,11,8:58,2019,
1/15/2019,15,2019,1,15,Mn,-64.723508,-64.351132,2,10,0.9090909090909091,271,586,660,660,11,13:05,2019,
1/15/2019,15,2019,1,15,Mn,-64.74012,-64.188802,2,10,0.9090909090909091,271,586,660,660,11,16:41,2019,
1/15/2019,15,2019,1,15,Mn,-64.789563,-64.117378,1,10,0.9090909090909091,271,586,660,660,11,17:13,2019,
1/15/2019,15,2019,1,15,Mn,-64.789563,-64.117378,1,10,0.9090909090909091,271,586,660,660,11,17:51,2019,
1/16/2019,16,2019,1,16,Mn,-64.7834,-64.0759,3,5,2,271,586,150,150,2.5,9:01,2019,
1/16/2019,16,2019,1,16,Mn,-64.7914,-64.0418,1,5,2,271,586,150,150,2.5,9:41,2019,
1/16/2019,16,2019,1,16,Mn,-64.7899,-63.9788,1,5,2,271,586,150,150,2.5,10:11,2019,
1/17/2019,17,2019,1,17,Mn,-64.820345,-64.042627,2,19,2.533333333333333,271,586,360,450,7.5,15:34,2019,
1/17/2019,17,2019,1,17,Mn,-64.823555,-64.051845,1,19,2.533333333333333,271,586,360,450,7.5,15:57,2019,
1/17/2019,17,2019,1,17,Mn,-64.821505,-64.031143,1,19,2.533333333333333,271,586,360,450,7.5,16:19,2019,
1/17/2019,17,2019,1,17,Mn,-64.822483,-64.047945,2,19,2.533333333333333,271,586,360,450,7.5,16:50,2019,
1/17/2019,17,2019,1,17,Mn,-64.824262,-64.058435,2,19,2.533333333333333,271,586,360,450,7.5,17:03,2019,
1/17/2019,17,2019,1,17,Mn,-64.814878,-64.06984,3,19,2.533333333333333,271,586,360,450,7.5,17:23,2019,
1/17/2019,17,2019,1,17,Mn,-64.814867,-64.069922,2,19,2.533333333333333,271,586,360,450,7.5,18:35,2019,
1/17/2019,17,2019,1,17,Mn,-64.805733,-64.07764,3,19,2.533333333333333,271,586,360,450,7.5,19:37,2019,
1/17/2019,17,2019,1,17,Mn,-64.80468,-64.070088,3,19,2.533333333333333,271,586,360,450,7.5,19:59,2019,
1/18/2019,18,2019,1,18,Mn,-64.770887,-64.115153,2,50,12.5,271,586,240,240,4,9:20,2019,
1/18/2019,18,2019,1,18,Mn,-64.76452,-64.111323,4,50,12.5,271,586,240,240,4,9:28,2019,
1/18/2019,18,2019,1,18,Mn,-64.749463,-64.117905,30,50,12.5,271,586,240,240,4,10:11,2019,
1/18/2019,18,2019,1,18,Mn,-64.749193,-64.116565,3,50,12.5,271,586,240,240,4,10:12,2019,
1/18/2019,18,2019,1,18,Mn,-64.751515,-64.116522,3,50,12.5,271,586,240,240,4,10:30,2019,
1/18/2019,18,2019,1,18,Mn,-64.75182,-64.116032,2,50,12.5,271,586,240,240,4,10:31,2019,
1/18/2019,18,2019,1,18,Mn,-64.747167,-64.10522,3,50,12.5,271,586,240,240,4,11:21,2019,
1/18/2019,18,2019,1,18,Mn,-64.754412,-64.165315,1,50,12.5,271,586,240,240,4,12:17,2019,
1/18/2019,18,2019,1,18,Mn,-64.756922,-64.150782,2,50,12.5,271,586,240,240,4,12:32,2019,
1/20/2019,20,2019,1,20,Mn,-64.778025,-64.070508,2,38,7.6,271,586,120,300,5,9:50,2019,
1/20/2019,20,2019,1,20,Mn,-64.79031,-64.073923,1,38,7.6,271,586,120,300,5,10:31,2019,
1/20/2019,20,2019,1,20,Mn,-64.797665,-64.072225,2,38,7.6,271,586,120,300,5,10:52,2019,
1/20/2019,20,2019,1,20,Mn,-64.761517,-64.120213,2,38,7.6,271,586,180,300,5,14:53,2019,
1/20/2019,20,2019,1,20,Mn,-64.752158,-64.126683,4,38,7.6,271,586,180,300,5,15:13,2019,
1/20/2019,20,2019,1,20,Mn,-64.744362,-64.099775,3,38,7.6,271,586,180,300,5,15:15,2019,
1/20/2019,20,2019,1,20,Mn,-64.73655,-64.10325,4,38,7.6,271,586,180,300,5,15:15,2019,
1/20/2019,20,2019,1,20,Mn,-64.753295,-64.126678,20,38,7.6,271,586,180,300,5,15:15,2019,
1/22/2019,22,2019,1,22,Mn,-64.765838,-64.103198,6,32,4,271,586,480,480,8,9:36,2019,
1/22/2019,22,2019,1,22,Mn,-64.77219,-64.203802,2,32,4,271,586,480,480,8,10:02,2019,
1/22/2019,22,2019,1,22,Mn,-64.772228,-64.204847,1,32,4,271,586,480,480,8,10:02,2019,
1/22/2019,22,2019,1,22,Mn,-64.776603,-64.312513,2,32,4,271,586,480,480,8,10:17,2019,
1/22/2019,22,2019,1,22,Mn,-64.773048,-64.316097,1,32,4,271,586,480,480,8,10:22,2019,
1/22/2019,22,2019,1,22,Mn,-64.757745,-64.448295,6,32,4,271,586,480,480,8,14:28,2019,
1/22/2019,22,2019,1,22,Mn,-64.748463,-64.44941,1,32,4,271,586,480,480,8,14:42,2019,
1/22/2019,22,2019,1,22,Mn,-64.7773,-64.275085,1,32,4,271,586,480,480,8,17:02,2019,
1/22/2019,22,2019,1,22,Mn,-64.771923,-64.25389,5,32,4,271,586,480,480,8,17:09,2019,
1/22/2019,22,2019,1,22,Mn,-64.7761,-64.160998,5,32,4,271,586,480,480,8,17:22,2019,
1/22/2019,22,2019,1,22,Mn,-64.776902,-64.141235,2,32,4,271,586,480,480,8,17:27,2019,
1/23/2019,23,2019,1,23,Mn,-64.783690000000007,-64.07539,1,52,8,271,586,390,390,6.5,9:12,2019,
1/23/2019,23,2019,1,23,Mn,-64.794947,-64.09078,2,52,8,271,586,390,390,6.5,9:16,2019,
1/23/2019,23,2019,1,23,Mn,-64.85708,-64.143527,2,52,8,271,586,390,390,6.5,9:40,2019,
1/23/2019,23,2019,1,23,Mn,-64.852747,-64.126375,1,52,8,271,586,390,390,6.5,10:08,2019,
1/23/2019,23,2019,1,23,Mn,-64.8827,-64.029375,2,52,8,271,586,390,390,6.5,12:09,2019,
1/23/2019,23,2019,1,23,Mn,-64.863457,-64.10936,2,52,8,271,586,390,390,6.5,13:21,2019,
1/23/2019,23,2019,1,23,Mn,-64.857468,-64.135922,4,52,8,271,586,390,390,6.5,13:53,2019,
1/23/2019,23,2019,1,23,Mn,-64.855278,-64.159803,2,52,8,271,586,390,390,6.5,14:18,2019,
1/23/2019,23,2019,1,23,Mn,-64.850867,-64.167117,2,52,8,271,586,390,390,6.5,14:35,2019,
1/23/2019,23,2019,1,23,Mn,-64.845875,-64.155083,30,52,8,271,586,390,390,6.5,15:00,2019,
1/23/2019,23,2019,1,23,Mn,-64.84524,-64.153892,2,52,8,271,586,390,390,6.5,15:05,2019,
1/23/2019,23,2019,1,23,Mn,-64.78405,-64.053783,1,52,8,271,586,390,390,6.5,15:27,2019,
1/23/2019,23,2019,1,23,Mn,-64.781288,-64.066258,1,52,8,271,586,390,390,6.5,15:28,2019,
1/26/2019,26,2019,1,26,Mn,-64.774587,-64.112557,2,8,1.5483870967741935,271,586,200,310,5.166666666666667,9:02,2019,
1/26/2019,26,2019,1,26,Mn,-64.787413,-64.098285,1,8,1.5483870967741935,271,586,200,310,5.166666666666667,9:53,2019,
1/26/2019,26,2019,1,26,Mn,-64.810217,-64.072668,1,8,1.5483870967741935,271,586,200,310,5.166666666666667,10:20,2019,
1/26/2019,26,2019,1,26,Mn,-64.7922,-63.986198,2,8,1.5483870967741935,271,586,200,310,5.166666666666667,11:18,2019,
1/26/2019,26,2019,1,26,Mn,-64.781525,-64.04945,2,8,1.5483870967741935,271,586,200,310,5.166666666666667,11:46,2019,
1/27/2019,27,2019,1,27,Mn,-64.806827,-64.045508,2,2,0.34782608695652173,271,586,255,345,5.75,16:01,2019,
1/28/2019,28,2019,1,28,Mn,-64.783598,-64.125165,4,8,1.28,271,586,375,375,6.25,11:36,2019,
1/28/2019,28,2019,1,28,Mn,-64.776055,-64.297183,1,8,1.28,271,586,375,375,6.25,13:00,2019,
1/28/2019,28,2019,1,28,Mn,-64.727557,-64.240245,1,8,1.28,271,586,375,375,6.25,15:48,2019,
1/28/2019,28,2019,1,28,Mn,-64.720052,-64.232427,2,8,1.28,271,586,375,375,6.25,16:08,2019,
1/29/2019,29,2019,1,29,Mn,-64.81899,-64.085118,2,8,1.1428571428571428,271,586,120,420,7,13:49,2019,
1/29/2019,29,2019,1,29,Mn,-64.742485,-64.252642,1,8,1.1428571428571428,271,586,300,420,7,19:42,2019,
1/29/2019,29,2019,1,29,Mn,-64.743018,-64.210412,3,8,1.1428571428571428,271,586,300,420,7,19:50,2019,
1/29/2019,29,2019,1,29,Mn,-64.777012,-64.069377,2,8,1.1428571428571428,271,586,300,420,7,20:26,2019,
1/31/2019,31,2019,1,31,Mn,-64.79521,-64.056468,1,20,2.4242424242424243,271,586,405,495,8.25,9:09,2019,
1/31/2019,31,2019,1,31,Mn,-64.816537,-64.04547,1,20,2.4242424242424243,271,586,405,495,8.25,9:44,2019,
1/31/2019,31,2019,1,31,Mn,-64.776412,-64.132258,2,20,2.4242424242424243,271,586,405,495,8.25,11:28,2019,
1/31/2019,31,2019,1,31,Mn,-64.774275,-64.133165,2,20,2.4242424242424243,271,586,405,495,8.25,11:31,2019,
1/31/2019,31,2019,1,31,Mn,-64.773175,-64.135722,2,20,2.4242424242424243,271,586,405,495,8.25,11:34,2019,
1/31/2019,31,2019,1,31,Mn,-64.765075,-64.1298,2,20,2.4242424242424243,271,586,405,495,8.25,13:31,2019,
1/31/2019,31,2019,1,31,Mn,-64.758395,-64.124178,2,20,2.4242424242424243,271,586,405,495,8.25,13:32,2019,
1/31/2019,31,2019,1,31,Mn,-64.757342,-64.125923,3,20,2.4242424242424243,271,586,405,495,8.25,14:05,2019,
1/31/2019,31,2019,1,31,Mn,-64.759712,-64.135118,2,20,2.4242424242424243,271,586,405,495,8.25,14:16,2019,
1/31/2019,31,2019,1,31,Mn,-64.75736,-64.132987,1,20,2.4242424242424243,271,586,405,495,8.25,15:00,2019,
1/31/2019,31,2019,1,31,Mn,-64.755403,-64.124043,1,20,2.4242424242424243,271,586,405,495,8.25,15:22,2019,
1/31/2019,31,2019,1,31,Mn,-64.78593,-64.092957,1,20,2.4242424242424243,271,586,90,495,8.25,19:36,2019,
2/1/2019,32,2019,2,1,Mn,-64.765862,-64.119683,1,1,1.3333333333333333,286,586,45,45,0.75,9:51,2019,
2/2/2019,33,2019,2,2,Mn,-64.788512,-64.098128,2,32,6.4,286,586,240,300,5,8:59,2019,
2/2/2019,33,2019,2,2,Mn,-64.793643,-64.104107,1,32,6.4,286,586,240,300,5,9:09,2019,
2/2/2019,33,2019,2,2,Mn,-64.786815,-64.179642,6,32,6.4,286,586,240,300,5,9:19,2019,
2/2/2019,33,2019,2,2,Mn,-64.783278,-64.217537,2,32,6.4,286,586,240,300,5,9:24,2019,
2/2/2019,33,2019,2,2,Mn,-64.77386,-64.215717,1,32,6.4,286,586,240,300,5,10:57,2019,
2/2/2019,33,2019,2,2,Mn,-64.772315,-64.20064,1,32,6.4,286,586,240,300,5,11:14,2019,
2/2/2019,33,2019,2,2,Mn,-64.772452,-64.201075,1,32,6.4,286,586,240,300,5,11:14,2019,
2/2/2019,33,2019,2,2,Mn,-64.770292,-64.19479,5,32,6.4,286,586,240,300,5,11:16,2019,
2/2/2019,33,2019,2,2,Mn,-64.779265,-64.171158,2,32,6.4,286,586,240,300,5,11:42,2019,
2/2/2019,33,2019,2,2,Mn,-64.784702,-64.118922,1,32,6.4,286,586,240,300,5,11:55,2019,
2/2/2019,33,2019,2,2,Mn,-64.788743,-64.08735,2,32,6.4,286,586,240,300,5,12:11,2019,
2/2/2019,33,2019,2,2,Mn,-64.785512,-64.08571,2,32,6.4,286,586,240,300,5,12:31,2019,
2/2/2019,33,2019,2,2,Mn,-64.775198,-64.070275,1,32,6.4,286,586,60,300,5,16:10,2019,
2/2/2019,33,2019,2,2,Mn,-64.776563,-64.098488,2,32,6.4,286,586,60,300,5,16:19,2019,
2/2/2019,33,2019,2,2,Mn,-64.772912,-64.111607,3,32,6.4,286,586,60,300,5,16:44,2019,
2/5/2019,36,2019,2,5,Mn,-64.948889,-64.188056,3,9,2.25,286,586,135,240,4,8:20,2019,
2/5/2019,36,2019,2,5,Mn,-64.974444,-64.177778,1,9,2.25,286,586,135,240,4,8:28,2019,
2/5/2019,36,2019,2,5,Mn,-64.986944,-64.191389,1,9,2.25,286,586,135,240,4,9:59,2019,
2/5/2019,36,2019,2,5,Mn,-64.759132,-64.105568,1,9,2.25,286,586,105,240,4,16:20,2019,
2/5/2019,36,2019,2,5,Mn,-64.757857,-64.10821,1,9,2.25,286,586,105,240,4,16:34,2019,
2/5/2019,36,2019,2,5,Mn,-64.755357,-64.109957,1,9,2.25,286,586,105,240,4,16:54,2019,
2/5/2019,36,2019,2,5,Mn,-64.751753,-64.097682,1,9,2.25,286,586,105,240,4,17:22,2019,
2/7/2019,38,2019,2,7,Mn,-64.789432,-64.106617,30,55,13.75,286,586,150,240,4,9:21,2019,
2/7/2019,38,2019,2,7,Mn,-64.799268,-64.185833,2,55,13.75,286,586,150,240,4,10:19,2019,
2/7/2019,38,2019,2,7,Mn,-64.781083,-64.130113,2,55,13.75,286,586,150,240,4,10:35,2019,
2/7/2019,38,2019,2,7,Mn,-64.781557,-64.072978,10,55,13.75,286,586,90,240,4,13:11,2019,
2/7/2019,38,2019,2,7,Mn,-64.775168,-64.08746,3,55,13.75,286,586,90,240,4,13:30,2019,
2/7/2019,38,2019,2,7,Mn,-64.77643,-64.093865,4,55,13.75,286,586,90,240,4,13:41,2019,
2/7/2019,38,2019,2,7,Mn,-64.761173,-64.119795,4,55,13.75,286,586,90,240,4,14:05,2019,
2/8/2019,39,2019,2,8,Mn,-64.783952,-64.069363,3,3,2,286,586,90,90,1.5,14:56,2019,
2/9/2019,40,2019,2,9,Mn,-64.770187,-64.136542,1,53,12.470588235294118,286,586,255,255,4.25,16:40,2019,
2/9/2019,40,2019,2,9,Mn,-64.769152,-64.185622,2,53,12.470588235294118,286,586,255,255,4.25,16:48,2019,
2/9/2019,40,2019,2,9,Mn,-64.766202,-64.183123,1,53,12.470588235294118,286,586,255,255,4.25,17:01,2019,
2/9/2019,40,2019,2,9,Mn,-64.768252,-64.203452,1,53,12.470588235294118,286,586,255,255,4.25,17:07,2019,
2/9/2019,40,2019,2,9,Mn,-64.775033,-64.278573,1,53,12.470588235294118,286,586,255,255,4.25,17:23,2019,
2/9/2019,40,2019,2,9,Mn,-64.777483,-64.323835,2,53,12.470588235294118,286,586,255,255,4.25,17:37,2019,
2/9/2019,40,2019,2,9,Mn,-64.757492,-64.337978,2,53,12.470588235294118,286,586,255,255,4.25,18:41,2019,
2/9/2019,40,2019,2,9,Mn,-64.746428,-64.347495,3,53,12.470588235294118,286,586,255,255,4.25,18:52,2019,
2/9/2019,40,2019,2,9,Mn,-64.746565,-64.3493,4,53,12.470588235294118,286,586,255,255,4.25,19:06,2019,
2/9/2019,40,2019,2,9,Mn,-64.746795,-64.351307,4,53,12.470588235294118,286,586,255,255,4.25,19:08,2019,
2/9/2019,40,2019,2,9,Mn,-64.74371,-64.353425,10,53,12.470588235294118,286,586,255,255,4.25,19:17,2019,
2/9/2019,40,2019,2,9,Mn,-64.741502,-64.32627,3,53,12.470588235294118,286,586,255,255,4.25,19:33,2019,
2/9/2019,40,2019,2,9,Mn,-64.741152,-64.265425,4,53,12.470588235294118,286,586,255,255,4.25,19:51,2019,
2/9/2019,40,2019,2,9,Mn,-64.750108,-64.168005,2,53,12.470588235294118,286,586,255,255,4.25,20:10,2019,
2/9/2019,40,2019,2,9,Mn,-64.755897,-64.15493,10,53,12.470588235294118,286,586,255,255,4.25,20:18,2019,
2/9/2019,40,2019,2,9,Mn,-64.761997,-64.120942,2,53,12.470588235294118,286,586,255,255,4.25,20:27,2019,
2/9/2019,40,2019,2,9,Mn,-64.768857,-64.108343,1,53,12.470588235294118,286,586,255,255,4.25,20:33,2019,
2/11/2019,42,2019,2,11,Mn,-64.780342,-64.077098,2,6,2.4,286,586,150,150,2.5,10:11,2019,
2/11/2019,42,2019,2,11,Mn,-64.818478,-64.018473,3,6,2.4,286,586,150,150,2.5,11:08,2019,
2/11/2019,42,2019,2,11,Mn,-64.790773,-64.08873,1,6,2.4,286,586,150,150,2.5,12:01,2019,
2/12/2019,43,2019,2,12,Mn,-64.767212,-64.11663,3,24,5.333333333333333,286,586,120,270,4.5,9:45,2019,
2/12/2019,43,2019,2,12,Mn,-64.767212,-64.11663,6,24,5.333333333333333,286,586,120,270,4.5,9:45,2019,
2/12/2019,43,2019,2,12,Mn,-64.776692,-64.10327,1,24,5.333333333333333,286,586,120,270,4.5,11:54,2019,
2/12/2019,43,2019,2,12,Mn,-64.776607,-64.065943,3,24,5.333333333333333,286,586,150,270,4.5,14:39,2019,
2/12/2019,43,2019,2,12,Mn,-64.776443,-64.074503000000007,4,24,5.333333333333333,286,586,150,270,4.5,15:03,2019,
2/12/2019,43,2019,2,12,Mn,-64.78362,-64.080227,2,24,5.333333333333333,286,586,150,270,4.5,15:22,2019,
2/12/2019,43,2019,2,12,Mn,-64.78203,-64.08599,2,24,5.333333333333333,286,586,150,270,4.5,15:34,2019,
2/12/2019,43,2019,2,12,Mn,-64.752943,-64.12551,3,24,5.333333333333333,286,586,150,270,4.5,15:54,2019,
2/13/2019,44,2019,2,13,Mn,-64.801442,-63.86513,3,7,3.5,286,586,120,120,2,11:11,2019,
2/13/2019,44,2019,2,13,Mn,-64.797858,-63.970257,1,7,3.5,286,586,120,120,2,11:29,2019,
2/13/2019,44,2019,2,13,Mn,-64.788498,-64.029617,3,7,3.5,286,586,120,120,2,11:33,2019,
2/14/2019,45,2019,2,14,Mn,-64.824437,-63.831955,1,13,3.466666666666667,286,586,135,225,3.75,10:02,2019,
2/14/2019,45,2019,2,14,Mn,-64.829217,-63.825197,2,13,3.466666666666667,286,586,135,225,3.75,10:08,2019,
2/14/2019,45,2019,2,14,Mn,-64.829217,-63.825197,5,13,3.466666666666667,286,586,135,225,3.75,10:08,2019,
2/14/2019,45,2019,2,14,Mn,-64.841667,-63.852778,3,13,3.466666666666667,286,586,135,225,3.75,10:29,2019,
2/14/2019,45,2019,2,14,Mn,-64.761455,-63.09972,2,13,3.466666666666667,286,586,90,225,3.75,19:16,2019,
2/15/2019,46,2019,2,15,Mn,-64.756097,-63.14371,2,6,2,286,586,180,180,3,9:29,2019,
2/15/2019,46,2019,2,15,Mn,-64.754725,-63.138778,4,6,2,286,586,180,180,3,11:22,2019,
2/17/2019,48,2019,2,17,Mn,-64.769032,-64.165703,3,3,0.42857142857142855,286,586,420,420,7,19:05,2019,
2/19/2019,50,2019,2,19,Mn,-64.824402,-64.039255,2,6,1.2,286,586,180,300,5,11:27,2019,
2/19/2019,50,2019,2,19,Mn,-64.77488,-64.130745,2,6,1.2,286,586,120,300,5,17:05,2019,
2/19/2019,50,2019,2,19,Mn,-64.761535,-64.125427,2,6,1.2,286,586,120,300,5,17:17,2019,
2/20/2019,51,2019,2,20,Mn,-64.772315,-64.135273,2,4,2.6666666666666665,286,586,90,90,1.5,9:48,2019,
2/20/2019,51,2019,2,20,Mn,-64.773853,-64.136677,2,4,2.6666666666666665,286,586,90,90,1.5,9:58,2019,
2/21/2019,52,2019,2,21,Mn,-64.78891,-64.158065,5,5,0.8695652173913043,286,586,345,345,5.75,16:10,2019,
2/22/2019,53,2019,2,22,Mn,-64.780933,-64.138837,1,8,1.1851851851851851,286,586,135,405,6.75,11:07,2019,
2/22/2019,53,2019,2,22,Mn,-64.753128,-64.456018,3,8,1.1851851851851851,286,586,270,405,6.75,14:48,2019,"Effort time entered in 12h not 24h, manually fixed"
2/22/2019,53,2019,2,22,Mn,-64.760192,-64.466922,1,8,1.1851851851851851,286,586,270,405,6.75,14:55,2019,"Effort time entered in 12h not 24h, manually fixed"
2/22/2019,53,2019,2,22,Mn,-64.7627,-64.289222,3,8,1.1851851851851851,286,586,270,405,6.75,17:51,2019,"Effort time entered in 12h not 24h, manually fixed"
2/23/2019,54,2019,2,23,Mn,-64.812432,-64.031672,1,7,1.4736842105263157,286,586,180,285,4.75,9:52,2019,
2/23/2019,54,2019,2,23,Mn,-64.764778,-64.12102,2,7,1.4736842105263157,286,586,105,285,4.75,16:59,2019,"Effort time entered in 12h not 24h, manually fixed"
2/23/2019,54,2019,2,23,Mn,-64.801612,-64.13855,4,7,1.4736842105263157,286,586,105,285,4.75,17:26,2019,"Effort time entered in 12h not 24h, manually fixed"
2/24/2019,55,2019,2,24,Mn,-64.804145,-64.115912,3,13,2.08,286,586,270,375,6.25,12:14,2019,
2/24/2019,55,2019,2,24,Mn,-64.803985,-64.115525,1,13,2.08,286,586,270,375,6.25,12:16,2019,
2/24/2019,55,2019,2,24,Mn,-64.819755,-64.131885,4,13,2.08,286,586,270,375,6.25,12:36,2019,
2/24/2019,55,2019,2,24,Mn,-64.82143,-64.125358,2,13,2.08,286,586,270,375,6.25,12:42,2019,
2/24/2019,55,2019,2,24,Mn,-64.792633,-64.09757,3,13,2.08,286,586,105,375,6.25,18:45,2019,
2/25/2019,56,2019,2,25,Mn,-64.812162,-64.001765,1,8,1.2,286,586,180,400,6.666666666666667,11:10,2019,
2/25/2019,56,2019,2,25,Mn,-64.811462,-64.002308,4,8,1.2,286,586,180,400,6.666666666666667,11:11,2019,
2/25/2019,56,2019,2,25,Mn,-64.812325,-64.05698,3,8,1.2,286,586,220,400,6.666666666666667,15:16,2019,
2/26/2019,57,2019,2,26,Mn,-64.812152,-64.089817,2,13,2.08,286,586,195,375,6.25,10:12,2019,
2/26/2019,57,2019,2,26,Mn,-64.81174,-64.009948,2,13,2.08,286,586,195,375,6.25,11:02,2019,
2/26/2019,57,2019,2,26,Mn,-64.758833,-64.158855,2,13,2.08,286,586,195,375,6.25,12:09,2019,
2/26/2019,57,2019,2,26,Mn,-64.782698,-64.070285,2,13,2.08,286,586,180,375,6.25,15:44,2019,
2/26/2019,57,2019,2,26,Mn,-64.826267,-64.044103,2,13,2.08,286,586,180,375,6.25,16:57,2019,
2/26/2019,57,2019,2,26,Mn,-64.80298,-64.08079,3,13,2.08,286,586,180,375,6.25,17:49,2019,
2/27/2019,58,2019,2,27,Mn,-64.777502,-64.125065,2,5,1.5,286,586,100,200,3.3333333333333335,11:31,2019,
2/27/2019,58,2019,2,27,Mn,-64.777862,-64.14012,3,5,1.5,286,586,100,200,3.3333333333333335,11:43,2019,
2/28/2019,59,2019,2,28,Mn,-64.802548,-64.171873,3,5,0.5555555555555556,286,586,420,540,9,19:20,2019,
2/28/2019,59,2019,2,28,Mn,-64.802548,-64.171873,2,5,0.5555555555555556,286,586,420,540,9,19:26,2019,
3/1/2019,60,2019,3,1,Mn,-64.791368,-64.140753,2,4,0.8888888888888888,29,586,150,270,4.5,10:46,2019,
3/1/2019,60,2019,3,1,Mn,-64.785232,-64.153542,2,4,0.8888888888888888,29,586,120,270,4.5,17:25,2019,
3/2/2019,61,2019,3,2,Mn,-64.818233,-64.043948,2,4,1.1428571428571428,29,586,210,210,3.5,11:21,2019,
3/2/2019,61,2019,3,2,Mn,-64.819707,-64.031498,2,4,1.1428571428571428,29,586,210,210,3.5,12:38,2019,
3/3/2019,62,2019,3,3,Mn,-64.808768,-64.001147,3,3,0.5,29,586,360,360,6,12:13,2019,
3/5/2019,64,2019,3,5,Mn,-64.801223,-64.104012,2,15,2.4,29,586,135,375,6.25,10:44,2019,
3/5/2019,64,2019,3,5,Mn,-64.816475,-64.024185,2,15,2.4,29,586,135,375,6.25,11:32,2019,
3/5/2019,64,2019,3,5,Mn,-64.815993,-64.025822,1,15,2.4,29,586,135,375,6.25,11:32,2019,
3/5/2019,64,2019,3,5,Mn,-64.819027,-64.047602,1,15,2.4,29,586,135,375,6.25,11:51,2019,
3/5/2019,64,2019,3,5,Mn,-64.777417,-64.10611,2,15,2.4,29,586,240,375,6.25,14:47,2019,
3/5/2019,64,2019,3,5,Mn,-64.774368,-64.1265,2,15,2.4,29,586,240,375,6.25,14:55,2019,
3/5/2019,64,2019,3,5,Mn,-64.799435,-64.123233,2,15,2.4,29,586,240,375,6.25,16:36,2019,
3/5/2019,64,2019,3,5,Mn,-64.814795,-64.10607,3,15,2.4,29,586,240,375,6.25,17:39,2019,
3/8/2019,67,2019,3,8,Mn,-64.809475,-64.013633,1,2,0.5714285714285714,29,586,210,210,3.5,14:06,2019,
3/8/2019,67,2019,3,8,Mn,-64.819185,-64.018972,1,2,0.5714285714285714,29,586,210,210,3.5,14:26,2019,
3/10/2019,69,2019,3,10,Mn,-64.767508,-64.111577,1,1,0.18181818181818182,29,586,330,330,5.5,11:25,2019,
1/3/2020,3,2020,1,3,Mn,-64.776845,-64.12372,3,15,4.736842105263158,81,256,190,190,3.1666666666666665,18:52,2020,
1/3/2020,3,2020,1,3,Mn,-64.77829,-64.12685,2,15,4.736842105263158,81,256,190,190,3.1666666666666665,18:56,2020,
1/3/2020,3,2020,1,3,Mn,-64.783828,-64.128818,2,15,4.736842105263158,81,256,190,190,3.1666666666666665,19:15,2020,
1/3/2020,3,2020,1,3,Mn,-64.776772,-64.131807,1,15,4.736842105263158,81,256,190,190,3.1666666666666665,19:43,2020,
1/3/2020,3,2020,1,3,Mn,-64.782063,-64.123223,1,15,4.736842105263158,81,256,190,190,3.1666666666666665,19:53,2020,
1/3/2020,3,2020,1,3,Mn,-64.792045,-64.082268,2,15,4.736842105263158,81,256,190,190,3.1666666666666665,20:27,2020,
1/3/2020,3,2020,1,3,Mn,-64.783,-64.131748,4,15,4.736842105263158,81,256,190,190,3.1666666666666665,20:58,2020,
1/11/2020,11,2020,1,11,Mn,-64.781535,-64.070913,1,3,1,81,256,180,180,3,16:29,2020,Effort Estimated Post Hoc
1/11/2020,11,2020,1,11,Mn,-64.773149,-64.115581,1,3,1,81,256,180,180,3,16:58,2020,Effort Estimated Post Hoc
1/11/2020,11,2020,1,11,Mn,-64.802252,-63.976437,1,3,1,81,256,180,180,3,18:04,2020,Effort Estimated Post Hoc
1/15/2020,15,2020,1,15,Mn,-64.781134,-64.130104,1,4,1.3333333333333333,81,256,180,180,3,17:17,2020,
1/15/2020,15,2020,1,15,Mn,-64.784102,-64.13589,2,4,1.3333333333333333,81,256,180,180,3,17:26,2020,
1/15/2020,15,2020,1,15,Mn,-64.751919,-64.132625,1,4,1.3333333333333333,81,256,180,180,3,18:17,2020,
1/17/2020,17,2020,1,17,Mn,-64.789848,-64.082513,1,11,2.3157894736842106,81,256,180,285,4.75,9:13,2020,
1/17/2020,17,2020,1,17,Mn,-64.806757,-64.12442,3,11,2.3157894736842106,81,256,180,285,4.75,10:20,2020,
1/17/2020,17,2020,1,17,Mn,-64.798742,-64.11091,3,11,2.3157894736842106,81,256,180,285,4.75,10:41,2020,
1/17/2020,17,2020,1,17,Mn,-64.807218,-64.092885,4,11,2.3157894736842106,81,256,105,285,4.75,19:56,2020,
1/18/2020,18,2020,1,18,Mn,-64.795926,-64.087052,1,5,0.9090909090909091,81,256,180,330,5.5,9:52,2020,
1/18/2020,18,2020,1,18,Mn,-64.800781,-63.930069,1,5,0.9090909090909091,81,256,180,330,5.5,12:02,2020,
1/18/2020,18,2020,1,18,Mn,-64.792914,-64.09372,2,5,0.9090909090909091,81,256,150,330,5.5,20:06,2020,
1/18/2020,18,2020,1,18,Mn,-64.810091,-63.926593,1,5,0.9090909090909091,81,256,150,330,5.5,20:37,2020,
1/19/2020,19,2020,1,19,Mn,-64.801933,-63.985802,1,1,0.36363636363636365,81,256,165,165,2.75,19:45,2020,
1/21/2020,21,2020,1,21,Mn,-64.803934,-64.025314,2,7,1.05,81,256,100,400,6.666666666666667,10:18,2020,
1/21/2020,21,2020,1,21,Mn,-64.803282,-63.937442,3,7,1.05,81,256,300,400,6.666666666666667,14:05,2020,"Effort time entered in 12h not 24h, manually fixed"
1/21/2020,21,2020,1,21,Mn,-64.802976,-63.944033,1,7,1.05,81,256,300,400,6.666666666666667,16:56,2020,"Effort time entered in 12h not 24h, manually fixed"
1/21/2020,21,2020,1,21,Mn,-64.799896,-64.068258,1,7,1.05,81,256,300,400,6.666666666666667,16:57,2020,"Effort time entered in 12h not 24h, manually fixed"
1/22/2020,22,2020,1,22,Mn,-64.81243,-64.029533,1,3,1,81,256,180,180,3,8:59,2020,
1/22/2020,22,2020,1,22,Mn,-64.773986,-64.079852,1,3,1,81,256,180,180,3,9:11,2020,
1/22/2020,22,2020,1,22,Mn,-64.783723,-64.129023,1,3,1,81,256,180,180,3,10:10,2020,
1/23/2020,23,2020,1,23,Mn,-64.764799,-64.103381,8,8,2,81,256,120,240,4,17:53,2020,"Effort time entered in 12h not 24h, manually fixed"
1/24/2020,24,2020,1,24,Mn,-64.752546,-64.120296,2,2,0.36363636363636365,81,256,60,330,5.5,8:56,2020,
1/25/2020,25,2020,1,25,Mn,-64.79541,-63.984579,1,2,0.96,81,256,125,125,2.0833333333333335,17:12,2020,
1/25/2020,25,2020,1,25,Mn,-64.805134,-64.045373,1,2,0.96,81,256,125,125,2.0833333333333335,17:38,2020,
1/26/2020,26,2020,1,26,Mn,-64.798242,-64.133517,1,5,4,81,256,75,75,1.25,18:14,2020,
1/26/2020,26,2020,1,26,Mn,-64.811114,-64.149564,4,5,4,81,256,75,75,1.25,18:45,2020,
1/29/2020,29,2020,1,29,Mn,-64.77963,-64.120705,1,9,1.6363636363636365,81,256,150,330,5.5,10:48,2020,
1/29/2020,29,2020,1,29,Mn,-64.779895,-64.120788,2,9,1.6363636363636365,81,256,150,330,5.5,10:48,2020,
1/29/2020,29,2020,1,29,Mn,-64.802641,-64.083105,1,9,1.6363636363636365,81,256,150,330,5.5,11:10,2020,
1/29/2020,29,2020,1,29,Mn,-64.809386,-64.096024,2,9,1.6363636363636365,81,256,150,330,5.5,11:58,2020,
1/29/2020,29,2020,1,29,Mn,-64.777639,-64.071913,2,9,1.6363636363636365,81,256,180,330,5.5,16:06,2020,
1/29/2020,29,2020,1,29,Mn,-64.77764,-64.071925,1,9,1.6363636363636365,81,256,180,330,5.5,16:06,2020,
1/30/2020,30,2020,1,30,Mn,-64.779166,-64.140238,1,2,0.47058823529411764,81,256,150,255,4.25,9:45,2020,
1/30/2020,30,2020,1,30,Mn,-64.802775,-64.065974,1,2,0.47058823529411764,81,256,105,255,4.25,17:01,2020,
1/31/2020,31,2020,1,31,Mn,-64.784407,-64.07488,1,4,1.5,81,256,360,160,2.6666666666666665,13:36,2020,
1/31/2020,31,2020,1,31,Mn,-64.897075,-64.038896,2,4,1.5,81,256,360,160,2.6666666666666665,16:42,2020,
1/31/2020,31,2020,1,31,Mn,-64.787307,-64.097512,1,4,1.5,81,256,360,160,2.6666666666666665,19:17,2020,
2/1/2020,32,2020,2,1,Mn,-64.787307,-64.097512,1,4,1.6,112,256,150,150,2.5,11:27,2020,
2/1/2020,32,2020,2,1,Mn,-64.80007,-64.069928,2,4,1.6,112,256,150,150,2.5,11:32,2020,
2/1/2020,32,2020,2,1,Mn,-64.785169,-64.07045,1,4,1.6,112,256,150,150,2.5,12:30,2020,
2/2/2020,33,2020,2,2,Mn,-64.805096,-63.996358,2,2,1.1428571428571428,112,256,105,105,1.75,17:45,2020,
2/4/2020,35,2020,2,4,Mn,-64.792816,-64.07079,2,6,1.0909090909090908,112,256,120,330,5.5,11:11,2020,
2/4/2020,35,2020,2,4,Mn,-64.775012,-64.093337,1,6,1.0909090909090908,112,256,120,330,5.5,11:47,2020,
2/4/2020,35,2020,2,4,Mn,-64.785119,-64.130153,1,6,1.0909090909090908,112,256,210,330,5.5,15:30,2020,
2/4/2020,35,2020,2,4,Mn,-64.769239,-64.066706,1,6,1.0909090909090908,112,256,210,330,5.5,16:56,2020,
2/4/2020,35,2020,2,4,Mn,-64.748042,-64.217462,1,6,1.0909090909090908,112,256,210,330,5.5,17:28,2020,
2/5/2020,36,2020,2,5,Mn,-64.775007,-64.096034,3,10,2.2222222222222223,112,256,150,270,4.5,9:40,2020,
2/5/2020,36,2020,2,5,Mn,-64.770267,-64.121583,2,10,2.2222222222222223,112,256,150,270,4.5,10:12,2020,
2/5/2020,36,2020,2,5,Mn,-64.770155,-64.12233,2,10,2.2222222222222223,112,256,150,270,4.5,10:12,2020,
2/5/2020,36,2020,2,5,Mn,-64.78914,-64.054846,1,10,2.2222222222222223,112,256,120,270,4.5,14:26,2020,
2/5/2020,36,2020,2,5,Mn,-64.80426,-64.104084,1,10,2.2222222222222223,112,256,120,270,4.5,14:45,2020,
2/5/2020,36,2020,2,5,Mn,-64.769504,-64.114534,1,10,2.2222222222222223,112,256,120,270,4.5,15:10,2020,
2/7/2020,38,2020,2,7,Mn,-64.778064,-64.068541,1,11,2.4444444444444446,112,256,270,270,4.5,13:06,2020,
2/7/2020,38,2020,2,7,Mn,-64.808477,-64.086616,3,11,2.4444444444444446,112,256,270,270,4.5,14:02,2020,
2/7/2020,38,2020,2,7,Mn,-64.808477,-64.086616,3,11,2.4444444444444446,112,256,270,270,4.5,15:17,2020,
2/7/2020,38,2020,2,7,Mn,-64.774017,-64.12445,2,11,2.4444444444444446,112,256,270,270,4.5,15:40,2020,
2/7/2020,38,2020,2,7,Mn,-64.760499,-64.113983,2,11,2.4444444444444446,112,256,270,270,4.5,16:32,2020,
2/8/2020,39,2020,2,8,Mn,-64.800861,-64.094036,1,2,0.5,112,256,60,240,4,10:13,2020,
2/8/2020,39,2020,2,8,Mn,-64.795514,-64.050638,1,2,0.5,112,256,60,240,4,11:10,2020,
2/12/2020,43,2020,2,12,Mn,-64.780782,-64.133476,3,3,2,112,256,90,90,1.5,11:22,2020,
2/13/2020,44,2020,2,13,Mn,-64.730531,-64.185938,2,5,0.7692307692307693,112,256,390,390,6.5,15:18,2020,
2/13/2020,44,2020,2,13,Mn,-64.763704,-64.108963,3,5,0.7692307692307693,112,256,390,390,6.5,16:07,2020,
2/14/2020,45,2020,2,14,Mn,-64.799469,-64.123244,2,6,2.4,112,256,150,150,2.5,14:56,2020,
2/14/2020,45,2020,2,14,Mn,-64.771544,-64.127676,3,6,2.4,112,256,150,150,2.5,15:26,2020,
2/14/2020,45,2020,2,14,Mn,-64.771544,-64.127676,1,6,2.4,112,256,150,150,2.5,15:33,2020,
2/16/2020,47,2020,2,16,Mn,-64.810604,-64.007558,2,3,0.5454545454545454,112,256,210,330,5.5,9:57,2020,
2/16/2020,47,2020,2,16,Mn,-64.795264,-64.126464,1,3,0.5454545454545454,112,256,120,330,5.5,18:44,2020,
2/17/2020,48,2020,2,17,Mn,-64.814108,-64.015402,1,2,0.6666666666666666,112,256,120,180,3,14:59,2020,
2/17/2020,48,2020,2,17,Mn,-64.805361,-64.03347,1,2,0.6666666666666666,112,256,120,180,3,15:36,2020,
2/18/2020,49,2020,2,18,Mn,-64.784611,-64.030745,1,12,1.92,112,256,150,375,6.25,8:57,2020,
2/18/2020,49,2020,2,18,Mn,-64.80396,-64.058378,2,12,1.92,112,256,150,375,6.25,10:10,2020,
2/18/2020,49,2020,2,18,Mn,-64.800163,-64.054536,2,12,1.92,112,256,150,375,6.25,10:51,2020,
2/18/2020,49,2020,2,18,Mn,-64.767187,-64.162389,3,12,1.92,112,256,90,375,6.25,14:17,2020,
2/18/2020,49,2020,2,18,Mn,-64.745306,-64.105626,1,12,1.92,112,256,130,375,6.25,18:45,2020,
2/18/2020,49,2020,2,18,Mn,-64.796759,-64.039865,3,12,1.92,112,256,130,375,6.25,19:09,2020,
2/19/2020,50,2020,2,19,Mn,-64.781208,-63.996435,4,5,1.6666666666666667,112,256,180,180,3,17:53,2020,
2/19/2020,50,2020,2,19,Mn,-64.780906,-63.99705,1,5,1.6666666666666667,112,256,180,180,3,17:54,2020,
2/20/2020,51,2020,2,20,Mn,-64.739192,-64.219324,1,8,3.2,112,256,150,150,2.5,9:22,2020,
2/20/2020,51,2020,2,20,Mn,-64.743873,-64.256757,4,8,3.2,112,256,150,150,2.5,11:25,2020,
2/20/2020,51,2020,2,20,Mn,-64.747697,-64.178403,3,8,3.2,112,256,150,150,2.5,11:26,2020,
2/22/2020,53,2020,2,22,Mn,-64.791296,-64.032459,1,1,0.5,112,256,120,120,2,17:55,2020,
2/24/2020,55,2020,2,24,Mn,-64.768645,-64.128497,1,1,0.19047619047619047,112,256,165,315,5.25,9:09,2020,
2/25/2020,56,2020,2,25,Mn,-64.760098,-64.112113,2,12,2.4,112,256,300,300,5,14:02,2020,
2/25/2020,56,2020,2,25,Mn,-64.777908,-64.281507,1,12,2.4,112,256,300,300,5,14:32,2020,
2/25/2020,56,2020,2,25,Mn,-64.776518,-64.302284,3,12,2.4,112,256,300,300,5,15:03,2020,
2/25/2020,56,2020,2,25,Mn,-64.776991,-64.325071,3,12,2.4,112,256,300,300,5,15:17,2020,
2/25/2020,56,2020,2,25,Mn,-64.764113,-64.269291,2,12,2.4,112,256,300,300,5,18:22,2020,
2/25/2020,56,2020,2,25,Mn,-64.767657,-64.156044,1,12,2.4,112,256,300,300,5,18:36,2020,
2/26/2020,57,2020,2,26,Mn,-64.787208,-64.070674,1,1,0.3333333333333333,112,256,180,180,3,10:40,2020,
2/27/2020,58,2020,2,27,Mn,-64.786752,-64.142309,2,6,3,112,256,120,120,2,17:32,2020,
2/27/2020,58,2020,2,27,Mn,-64.755574,-64.102074,2,6,3,112,256,120,120,2,18:24,2020,
2/27/2020,58,2020,2,27,Mn,-64.755534,-64.101862,2,6,3,112,256,120,120,2,18:25,2020,
2/28/2020,59,2020,2,28,Mn,-64.795493,-63.987398,2,12,2.4,112,256,150,300,5,9:41,2020,
2/28/2020,59,2020,2,28,Mn,-64.80893,-64.050872,1,12,2.4,112,256,150,300,5,10:00,2020,
2/28/2020,59,2020,2,28,Mn,-64.811143,-64.09981,1,12,2.4,112,256,150,300,5,10:58,2020,
2/28/2020,59,2020,2,28,Mn,-64.801125,-64.057102,2,12,2.4,112,256,150,300,5,11:37,2020,
2/28/2020,59,2020,2,28,Mn,-64.79431,-64.128042,4,12,2.4,112,256,150,300,5,14:51,2020,
2/28/2020,59,2020,2,28,Mn,-64.796397,-64.129335,2,12,2.4,112,256,150,300,5,15:01,2020,
3/2/2020,62,2020,3,2,Mn,-64.79938,-63.952936,1,9,4,63,256,135,135,2.25,9:32,2020,
3/2/2020,62,2020,3,2,Mn,-64.809929,-63.999506,2,9,4,63,256,135,135,2.25,10:14,2020,
3/2/2020,62,2020,3,2,Mn,-64.80329,-64.048032,2,9,4,63,256,135,135,2.25,10:55,2020,
3/2/2020,62,2020,3,2,Mn,-64.78958,-64.066017,3,9,4,63,256,135,135,2.25,11:06,2020,
3/2/2020,62,2020,3,2,Mn,-64.793726,-64.07282,1,9,4,63,256,135,135,2.25,11:06,2020,
3/3/2020,63,2020,3,3,Mn,-64.772494,-64.066815,5,13,1.4181818181818182,63,256,550,550,9.166666666666666,10:06,2020,
3/3/2020,63,2020,3,3,Mn,-64.777427,-64.067947,2,13,1.4181818181818182,63,256,550,550,9.166666666666666,10:26,2020,
3/3/2020,63,2020,3,3,Mn,-64.761363,-64.420311,1,13,1.4181818181818182,63,256,550,550,9.166666666666666,15:12,2020,
3/3/2020,63,2020,3,3,Mn,-64.776462,-64.192817,1,13,1.4181818181818182,63,256,550,550,9.166666666666666,18:04,2020,
3/3/2020,63,2020,3,3,Mn,-64.776118,-64.076032,4,13,1.4181818181818182,63,256,550,550,9.166666666666666,18:26,2020,
3/4/2020,64,2020,3,4,Mn,-64.78159,-63.995765,3,3,1.2,63,256,150,150,2.5,10:36,2020,
3/8/2020,68,2020,3,8,Mn,-64.767981,-64.269565,2,25,3.125,63,256,480,480,8,10:47,2020,
3/8/2020,68,2020,3,8,Mn,-64.758351,-64.290807,2,25,3.125,63,256,480,480,8,11:11,2020,
3/8/2020,68,2020,3,8,Mn,-64.746366,-64.408268,1,25,3.125,63,256,480,480,8,14:38,2020,
3/8/2020,68,2020,3,8,Mn,-64.756697,-64.423744,3,25,3.125,63,256,480,480,8,15:36,2020,
3/8/2020,68,2020,3,8,Mn,-64.756528,-64.42363,2,25,3.125,63,256,480,480,8,15:37,2020,
3/8/2020,68,2020,3,8,Mn,-64.750841,-64.316409,2,25,3.125,63,256,480,480,8,16:08,2020,
3/8/2020,68,2020,3,8,Mn,-64.751378,-64.317958,3,25,3.125,63,256,480,480,8,16:09,2020,
3/8/2020,68,2020,3,8,Mn,-64.750606,-64.315801,4,25,3.125,63,256,480,480,8,16:10,2020,
3/8/2020,68,2020,3,8,Mn,-64.743469,-64.291816,2,25,3.125,63,256,480,480,8,16:38,2020,
3/8/2020,68,2020,3,8,Mn,-64.743406,-64.292861,2,25,3.125,63,256,480,480,8,16:38,2020,
3/8/2020,68,2020,3,8,Mn,-64.744033,-64.287615,2,25,3.125,63,256,480,480,8,16:39,2020,
3/9/2020,69,2020,3,9,Mn,-64.760567,-64.109901,2,2,0.6315789473684211,63,256,110,190,3.1666666666666665,16:04,2020,
3/16/2020,76,2020,3,16,Mn,-64.810333,-64.056558,1,4,2,63,256,120,120,2,10:27,2020,
3/16/2020,76,2020,3,16,Mn,-64.786623,-63.972709,2,4,2,63,256,120,120,2,10:59,2020,
3/16/2020,76,2020,3,16,Mn,-64.79,-64.048766,1,4,2,63,256,120,120,2,11:30,2020,
3/17/2020,77,2020,3,17,Mn,-64.80862,-64.050703,1,3,1.2,63,256,150,150,2.5,10:22,2020,
3/17/2020,77,2020,3,17,Mn,-64.795482,-63.947789,1,3,1.2,63,256,150,150,2.5,14:53,2020,
3/17/2020,77,2020,3,17,Mn,-64.807439,-64.098645,1,3,1.2,63,256,150,150,2.5,15:27,2020,
3/18/2020,78,2020,3,18,Mn,-64.786328,-64.140451,2,4,2.6666666666666665,63,256,90,90,1.5,11:04,2020,
3/18/2020,78,2020,3,18,Mn,-64.801309,-64.062516,2,4,2.6666666666666665,63,256,90,90,1.5,11:56,2020,
